prototype,rho,sigma,q,q_rg,n_nodes,feature
1282,617,97,0.012304389195602707,0.06283454290141774,617,price_category
