prototype,rho,sigma,q,q_rg,n_nodes,feature
1282,617,112,0.008997511711683802,0.048468101539069205,617,category
