prototype,rho,sigma,q,q_rg,n_nodes,feature
1282,615,97,0.0041296242345952115,0.014389968426865716,617,price
